id,category,title,content,tags,is_active,created_at
0a52879e-7a11-4008-adaa-369e9ccbc4a2,Member Inquiries,Holiday Closure Hours & Details,"<p>Hi,</p><p>&nbsp;</p><p>Thank you for reaching out regarding our limited hours and for choosing to spend your holiday season with us! Though services and access will be significantly limited, we will be holding an opening window from&nbsp;<strong>December 27–30 from 3:30 PM to 7:30 PM.</strong>&nbsp;Please find all details for your visit below:</p><p>&nbsp;</p><p>Entry will be available through the alleyway and into the ground floor studio. Doors will remain closed throughout the day. When you arrive on site, please call/ text our concierge at 310-487-0940 and our team will let you in.&nbsp;</p><p>&nbsp;</p><p>The following spaces will be available for use:</p><ul><li><p>Pilates Room</p></li><li><p>Main Gym Floor</p></li><li><p>Recovery Lounge &amp; Bathrooms</p></li></ul><p>&nbsp;&nbsp;&nbsp;</p><p>Reformer Pilates classes with Miwa will be available each day at 4 and 5 PM.&nbsp;<strong><u>To request a spot in class, please&nbsp;reply to this email no later than December 23&nbsp;with your preferred date and time.</u></strong>&nbsp;Classes will&nbsp;not&nbsp;be available for booking through the app and will be filled&nbsp;first come, first serve via email. Please note that we will not be on-site or monitoring email prior to December 27, and&nbsp;same-day class requests cannot be guaranteed due to limited capacity.&nbsp;</p><p>&nbsp;</p><p>Please be advised that&nbsp;construction will be ongoing during all open hours and noise is expected&nbsp;throughout your visit.&nbsp;</p><p>&nbsp;</p><p>We appreciate your understanding as we work through these improvements and thank you for your flexibility during this limited-service period. Please let us know if you have any questions before December 23 and we wish you the happiest of holiday seasons!</p><p>&nbsp;</p><p>Best,</p><p>The Team at HUME</p>","[""closure""]",TRUE,2025-12-19 23:18:10.703278+00
97027403-5f9d-49d9-ac63-339d49ce8e2f,New Member Offers,New Member Offer Follow-Up,"<p>Hi X,</p><p>We're so excited to have you as part of the HUME community! It was great to meet you and share more about what we can offer you as a new member.</p><p><strong>Complimentary Wellness Consultation:</strong><br>We would love to treat you to a coffee or matcha at our rooftop café with our Director of Wellness, Jenna. Jenna can tell you more about how our offerings (training, recovery, specialists, classes, etc.) can meet your specific needs and help create an optimal program for you. To schedule your complimentary wellness consultation, <a target=""_blank"" rel=""noopener noreferrer nofollow"" class=""text-primary underline cursor-pointer"" href=""https://calendly.com/hume-jenna/consult?month=2026-01"">click here</a>.</p><p><strong>Complimentary Equipment Overview:</strong><br>Meet with one of our lead concierges, Dylan, to receive an overview of our machines and equipment. Dylan can walk you through our main gym floor and rooftop and recommend personal trainers based on your needs and interests. To schedule with Dylan, please <a target=""_blank"" rel=""noopener noreferrer nofollow"" class=""text-primary underline cursor-pointer"" href=""https://calendly.com/humela/club-tour-clone?back=1&amp;month=2025-09"">click here</a>.</p><p><strong>$100 Personal Training Session:</strong><br>Book your first personal training session with any of our amazing trainers for only $100. First sessions can be purchased here and booked through our app.</p><p><strong>$65 Stretch &amp; Percussive Therapy Session:</strong><br>Whether you're stiff from sitting all day, recovering from strenuous workout, or just in need of relaxation, stretch therapy helps improve your flexibility, reduces tension, and supports muscle recovery. Book your first session with our therapist, Jenya, for only $65. First sessions can be purchased here and booked through our app.</p><p>Please let us know if you have any questions regarding these offers! Our concierge team is always available for questions at the desk, through email, or through call/text at 213-566-8580.</p><p>We look forward to seeing you again in the space soon!</p><p>Best,</p><p>[Your Name] &amp; The Team at HUME</p>","[""new member"",""offer"",""wellness"",""training"",""stretch""]",TRUE,2025-12-16 00:08:58.99931+00
5c72ac1e-9a00-4581-8db6-7bc5aa32b1ad,Member Inquiries,Late Cancel Class - Fee Required,"<p>Hi X,</p><p>Thank you for letting us know you're unable to make it to class. While we understand that schedules can change, our 12-hour cancellation policy is in place to ensure fair access to classes for all members.</p><p>We're unable to waive the fee at this time. Moving forward, we recommend double-checking your schedule before booking to help avoid late cancellation fees. Please let us know if you have any additional questions.</p><p>Best,</p><p>The Team at HUME</p>","[""class"",""cancel"",""fee"",""habitual""]",TRUE,2025-12-16 00:05:58.383186+00
24b4daf2-8419-422c-b147-d92d783d6f3b,Member Inquiries,Late Cancel Class - Fee Waived,"<p>Hi X,</p><p>Thank you for notifying us that you are unable to make it to class. Please note that our policy includes a $10 fee if canceled less than twelve hours prior to class start. However, we're happy to make a one-time exception and remove you from the class this time.</p><p>We understand life can get busy but we ask that you do your best to only book classes you can make. This allows all members the opportunity to prebook classes. Please let us know if you have any other questions about this or general policies.</p><p>Best,</p><p>The Team at HUME</p>","[""class"",""cancel"",""waived"",""exception""]",TRUE,2025-12-16 00:05:58.383186+00
013d6ac1-181d-4eed-b94e-2c8cb391ee4f,Member Inquiries,Late Cancel Policy Inquiry,"<p>Hi X,</p><p>Thank you for reaching out. Our policy is a $10 fee if cancelling less than 12 hours prior to the start of class. Please let us know if you have any questions or need help navigating the app.</p><p>Best,</p><p>The Team at HUME</p>","[""class"",""cancel"",""policy"",""fee""]",TRUE,2025-12-16 00:05:58.383186+00
7b935b40-57ad-42a7-8c29-809f16fff2a0,Member Inquiries,Membership Cancellation - No Reason Provided,"<p>Hi X,</p><p>Thank you for reaching out! While we'll miss having you at HUME, we're happy to assist. Before we proceed, can you please let us know your reason for cancellation?</p><p>Best,</p><p>The Team at HUME</p>","[""cancel"",""cancellation"",""reason""]",TRUE,2025-12-16 00:05:58.383186+00
402c2741-d069-4f71-8585-cdec1ed5d77b,Member Inquiries,Guest Pass Policy,"<p>Hi X,</p><p>Thank you for reaching out. Members receive six all-access guest passes per year. We are pleased to allow repeat guests, though please note that any individual guest may only visit the space six times per year, including visits with different members.  </p><p>Additional day passes may be purchased at the front desk for $100 each. If you plan to bring a guest to a class, please arrive at least 15 minutes early so they can complete our waiver and registration and check class availability.</p><p>You are welcome to bring up to three guests to the café at any time, and café visits do not count toward guest pass usage.</p><p>Please let us know if you have any additional questions.</p><p>Best,</p><p>The Team at HUME</p>","[""guest"",""pass"",""policy"",""day pass""]",TRUE,2025-12-16 00:06:39.765304+00
a3c6fdd3-b7b1-4827-a874-82c10e6d104d,Member Inquiries,Class Policy for Guests,"<p>Hi X,</p><p>Thank you for reaching out. For HUME guests, classes are on a first come first serve basis and can be booked at the Concierge desk 30 minutes prior to class start time. Please ensure to arrive early enough with your guest so they can register and sign a liability waiver.</p><p><em><mark>[Sentence about whether specified class will or likely will not have space based]</mark></em></p><p>To expedite the registration process, your guest can fill out the registration form here before arriving.</p><p>Best,</p><p>The Team at HUME</p>","[""guest"",""class"",""waiver"",""registration""]",TRUE,2025-12-16 00:06:39.765304+00
b538e55c-b78d-46e2-a2cf-b19503ce7644,Member Outreach,Class Policy for Guests Reminder,"<p>Hi X,</p><p>Thank you for being a valued member of HUME. We're reaching out with a friendly reminder that for HUME guests, classes are on a first come first serve basis and can be booked at the Concierge desk 30 minutes prior to class start time. Please arrive early with your guest so they can register and sign a liability waiver.</p><p>To expedite the registration process, your guest can fill out the registration form here before arriving.</p><p>Best,</p><p>The Team at HUME</p>","[""guest"",""class"",""reminder"",""waiver""]",TRUE,2025-12-16 00:07:00.789462+00
e77f0583-4445-402a-af0a-ded1bc1702cd,Events & Collabs,Reject Partnership Inquiry,"<p>Hi X,</p><p>Thank you for reaching out. We are not bringing on new partners at the moment, but please stay in touch as we may add new partnerships in the future as we evolve and grow.</p><p>Best,</p><p>The Team at HUME</p>","[""partnership"",""reject"",""decline""]",TRUE,2025-12-16 00:08:58.99931+00
59e738ef-bd45-4752-8509-aedda9ad6282,Member Inquiries,Swap Class Fee Inquiry,"<p>Hi X,</p><p>Because the 12 hour mark has passed, the late cancel fee will still apply should you choose to swap classes. This is due to the limited availability of spots in each class and encourages members to only sign up for classes they are confident they can attend. Please let us know if you have any additional questions!</p><p>Best,</p><p>The Team at HUME</p>","[""class"",""swap"",""fee"",""late""]",TRUE,2025-12-16 00:05:58.383186+00
8caeb477-eb9a-4d7f-aa16-8288f1020c1e,Non-Member Inquiries,General Membership Info - Detailed,"<p>Hi X,</p><p>Thank you for your interest in HUME and our offerings. Our membership rate is $450 per month with a one-time $500 initiation fee as well as a six-month commitment.</p><p>We also offer an annual option for $4,595, paid in full upon membership acceptance, which includes twelve months of access to the facilities and waives the initiation fee.</p><p><strong>What's Included:</strong><br>All members enjoy full access to:</p><p>- Our gym, café, and spa amenities, including 2 cold plunges, steam room, and infrared sauna<br>- Unlimited group classes offered Monday–Friday (6:30am–8:00pm) and weekends starting around 8:00am</p><p><strong>Group Classes:</strong></p><p>- Pilates: Reformer, Mat, Signature Sculpt<br>- Yoga: Power Vinyasa, Hatha, Primal Flow, Flow into Yin, Yoga for Runners & Cyclists, and more<br>- Strength & Conditioning: Circuit Strength, Speed & Agility, Core Strength<br>- Therapeutic & Restorative: Sound Healing, Fascia Release, Yoga Nidra, Acupressure Yin Yoga<br>- Breathwork & Sound Bath Healing</p><p><strong>Recovery Services:</strong></p><p>- Complimentary use of Hyperice Normatec recovery boots and Hypervolt percussion massage devices</p><p><strong>Signature Treatments (additional cost):</strong></p><p>- Acupuncture, Massage Therapy, Stretch and Percussion Therapy<br>- Nutrition Coaching, Hyperbaric Oxygen Chamber, Balancer Pro Body Suit Treatments</p><p><strong>Personal Training Packages:</strong></p><p>- 1 session: $175<br>- 5 sessions: $825<br>- 10 sessions: $1,550</p><p>If you'd like a tour, we would be happy to show you around our facilities. To schedule a tour, please <a href=""https://calendly.com/humela/tour/?month=2025-06"">click here</a>.</p><p>And finally, if interested in membership, please complete your application <a href=""https://hume.la/apply"">here</a>. We look forward to hearing from you soon!</p><p>Best,</p><p>The Team at HUME</p>","[""membership"",""detailed"",""classes"",""recovery"",""training""]",TRUE,2025-12-16 00:07:34.773149+00
1a57d2a0-773f-4613-8a1f-e7aa0f395ce4,Non-Member Inquiries,Free Trial Request,"<p>Hi X,</p><p>Thank you for reaching out. We do not offer trials of the space, but if you decide to join and are not satisfied with the experience after your first visit, we will refund your fees. If you would like to schedule a tour and learn more about our facilities, please <a target=""_blank"" rel=""noopener noreferrer nofollow"" class=""text-primary underline cursor-pointer"" href=""https://calendly.com/humela/tour/?month=2025-06"">click here</a> to schedule.</p><p>Best,</p><p>The Team at HUME</p>","[""trial"",""tour"",""refund""]",TRUE,2025-12-16 00:07:34.773149+00
c2c5b309-f120-4444-be02-d150f0fbda8c,Non-Member Inquiries,General Temporary Pass Inquiry,"<p>Hi X,</p><p>Thank you for reaching out! We do have limited day passes available for purchase. Please note these passes require a member referral and an application to ensure privacy of the space. If you would like to continue, please fill out <a href=""https://hume.la/tempmembership"">this form</a> and someone from our team will be in touch.</p><p>Best,</p><p>The Team at HUME</p>","[""day pass"",""temporary"",""referral""]",TRUE,2025-12-16 00:08:04.429289+00
19b4b189-7b3a-4eff-bc19-257aedc045ba,Tours,Brand/Industry Tour Inquiry,"Hi X,

Thank you for reaching out! We are currently holding off on trade/industry tours unless they're tied to a specific partnership or business initiative—just trying to limit access since we get a lot of these requests and want to keep the space member-first.

Happy to revisit in the future if there's specific things [brand name] wants to discuss!

Best,
The Team at HUME","[""tour"",""brand"",""industry"",""partnership""]",TRUE,2025-12-16 00:08:31.535165+00
1e844559-c30e-4d85-aac6-1ccc6d14550c,Non-Member Inquiries,Application Timeline Inquiry,"<p>Hi X,</p><p>Thank you for reaching out! We have recently reached capacity and will be admitting new members only as spots become available. While we cannot guarantee a timeline, new spots typically open monthly.</p><p>Applicants who have completed the questionnaire and uploaded payment details will be prioritized. If you have not uploaded payment information yet, you can do so <a href=""https://app.arketa.co/humeprojects/pricing/checkout/TF7S5VWOvSYPPoh20BfL"">here</a>. All applicants who input payment information before any price increases will not be subjected to future rates.</p><p>Please let us know if you have any additional questions.</p><p>Best,</p><p>The Team at HUME</p>","[""application"",""timeline"",""waitlist"",""capacity""]",TRUE,2025-12-16 00:08:14.900759+00
4373afe5-be23-44af-ab11-b4ac29552e02,Tours,Tour In-Person Inquiry,"<p>Hi X,</p><p>Thank you for stopping by and for your interest in joining HUME. We would be happy to show you around our facilities. To schedule a tour, please click <a href=""https://calendly.com/humela/tour"">here</a>.</p><p>We look forward to showing you around soon.</p><p>Best,<br>The Team at HUME</p>","[""tour"",""schedule"",""in-person""]",TRUE,2025-12-16 00:08:31.535165+00
a960d3e2-a0a0-402d-86be-9c3c718762ba,Tours,Tour Email Inquiry,"<p>Hi X,</p><p>Thank you for reaching out and for your interest in joining HUME. We would be happy to show you around our facilities. To schedule a tour, please click <a href=""https://calendly.com/humela/tour"">here</a>. We look forward to meeting you soon.</p><p>Best,<br>The Team at HUME</p>","[""tour"",""schedule"",""inquiry""]",TRUE,2025-12-16 00:08:31.535165+00
4fec3b0a-fc94-4229-91f9-3f275a6d0a78,Tours,Tour Follow-Up - Not Applied Yet,"<p>Hi X,</p><p>Thank you for recently joining us for a tour. It was great to meet you and share more about our facilities.</p><p>If you are interested in joining our community and if you haven't done so already, we invite you to complete an application <a href=""https://hume.la/apply"">here</a>. Please don't hesitate to reach out with any additional questions, either through email or by shooting us a text at 213-566-8580.</p><p>Additionally, here's a link to our class schedule.</p><p>We hope to see you soon!</p><p>Best,<br>[Name of Team Member that Toured] & The Team at HUME</p>","[""tour"",""follow-up"",""application""]",TRUE,2025-12-16 00:08:31.535165+00
27b21527-00e1-4961-bb80-8240a754b3a8,Non-Member Inquiries,Delay Start Date,"<p>Hi X!</p><p>We're happy to delay your start date. We can refund your membership fee and set your membership to activate on XX/XX but will need to keep your initiation fee on file to reserve your spot.</p><p>Let us know if you would like us to keep your spot reserved. Note that if you decide not to join now, future memberships will be subject to current rates, initiation fees, and availability. Please let us know if you have any additional questions!</p><p>Thanks,</p><p>The Team at HUME</p>","[""delay"",""start date"",""refund"",""reserve""]",TRUE,2025-12-16 00:08:14.900759+00
07739e00-be7d-46c8-a3a5-5d7e3ac93049,Tours,Tour Follow-Up - No Payment Info,"<p>Hi X,</p><p>Thank you for recently joining us for a tour. It was great to meet you and share more about our facilities. If you are interested in joining our community and if you haven't done so already, we invite you to finish your application <a href=""https://hume.la/apply"">here</a>.</p><p>Additionally, here's a link to our class schedule.</p><p>Please don't hesitate to reach out with any additional questions, either through email or by shooting us a text at 213-566-8580.</p><p>We hope to see you soon!</p><p>Best,<br>[Name of Team Member that Toured] & The Team at HUME</p>","[""tour"",""follow-up"",""payment"",""application""]",TRUE,2025-12-16 00:08:31.535165+00
27ea407c-7ba9-4ca5-b0b8-1a262fd78f77,3rd Party Partners,Mastercard Inquiry,"<p>Hi X,</p><p>Thanks for reaching out! You can learn more about the HUME + Mastercard partnership <a href=""https://docs.google.com/document/d/1C4uWKLM4y8Eksfyh20lx8ESlqdPknaVoP_oGnESFmQc/edit?usp=sharing"">here</a>.</p><p>If you are looking to book or have questions about your existing Mastercard HUME experience, please reach out to our Operations Manager, Jillian, at Jillian@hume.la.</p><p>Best,</p><p>The Team at HUME</p>","[""mastercard"",""booking"",""jillian""]",TRUE,2025-12-16 00:08:43.95861+00
c7dd393a-a930-4fc0-9ef9-e237fb1bd70a,3rd Party Partners,Partner - Private Service Payment Request,"<p>Hi X,</p><p>We're reaching out to get payment information for [insert name] for an upcoming private service booking on [date] with HUME. To provide CC info over the phone, please call 310-487-0940.</p><p>We look forward to hearing from you!</p><p>Best,</p><p>The Team at HUME</p>","[""payment"",""private service"",""booking""]",TRUE,2025-12-16 00:08:43.95861+00
7f8ed686-4ed3-4703-8c9e-79cafa86186b,Member Inquiries,Membership Pause Inquiry,"<p>Hi X,</p><p>Thank you for reaching out and for being a valued member of HUME! We do offer a pause option for $50 per month. Please read our policy in full <a target=""_blank"" rel=""noopener noreferrer nofollow"" class=""text-primary underline cursor-pointer"" href=""https://hume.la/pausepolicy"">here.</a><br><br>Should you choose to cancel instead of pausing, any future membership will be subject to current availability, rates, and the current initiation fee. If you'd like to proceed with pausing or have any additional questions, please let us know — we're happy to help!</p><p>Best,</p><p>The Team at HUME</p>","[""pause"",""membership"",""hold""]",TRUE,2025-12-16 00:05:58.383186+00
07944d58-9469-4b04-93b8-52c7071119e2,Member Inquiries,Complaints about Pause Structure,"<p>Hi X,</p><p>Thank you for sharing this thoughtful feedback. We recently launched our pause policy based on member requests, as we previously did not offer pauses for travel.</p><p>Because our billing system does not support mid-cycle adjustments, pauses cannot begin mid-cycle, nor are we able to offer customized or prorated pauses tied to specific travel dates. To ensure fairness and consistency across the membership, we apply this structure to all pause requests.</p><p>Given your timeline, we recommend keeping <em><mark>[make suggestion here based on their billing cycle dates]</mark></em>. If you return early, we are always happy to reactivate your membership right away. The $50 fee is non-refundable, as it secures your spot and current pricing throughout the pause.</p><p>We completely understand how the structure may feel limiting in your situation and appreciate you taking the time to share your perspective. Member feedback like this is always reviewed as we continue refining our policies.</p><p>Please let us know how you would like to proceed, and we are happy to help with any additional questions.</p><p>Best,</p><p>The Team at HUME</p>","[""pause"",""complaint"",""feedback"",""billing cycle""]",TRUE,2025-12-16 00:05:58.383186+00
93ed60ee-1d31-43c6-874a-002327962f30,Tours,Tour Follow-Up - Accepted But Unsure,"<p>Hi X,</p><p>Thank you for recently joining us for a tour. It was great to meet you and share more about the space.</p><p>If you have any additional questions about our services or facilities, please don't hesitate to reach out through email or by shooting us a text at 213-566-8580. Additionally, we would love to set you up with a complimentary consultation with our amazing Director of Wellness, Jenna. Jenna knows all things recovery, class recommendations, and more. To schedule with Jenna, please click <a target=""_blank"" rel=""noopener noreferrer nofollow"" class=""text-primary underline cursor-pointer"" href=""https://calendly.com/hume-jenna/consult?month=2026-01"">here</a>.</p><p>When you're ready to activate your membership and if you haven't done so already, please stop by the front desk. We look forward to seeing you soon and welcome to the HUME community!</p><p>Best,<br>[Name of Team Member that Toured] &amp; The Team at HUME</p>","[""tour"",""follow-up"",""accepted"",""wellness""]",TRUE,2025-12-16 00:08:31.535165+00
3097e9ef-34ca-4252-82a2-dd8bd7957485,Tours,Dylan Gym Floor Walkthrough,"<p>Hi X,</p><p>Thank you for your interest in a gym floor walkthrough with Dylan! You can schedule a session <a href=""https://calendly.com/humela/club-tour-clone?back=1&month=2025-09"">here</a>.</p><p>Please let us know if you have any questions.</p><p>Best,<br>The Team at HUME</p>","[""gym"",""Dylan"",""walkthrough"",""fitness""]",TRUE,2025-12-18 01:25:58.62285+00
e6c70a24-745b-415b-b4e0-fa893229648a,Events & Collabs,Brand Partnership Inquiry,"<p>Hi X,</p><p>Thank you so much for reaching out. To submit an inquiry and learn more about brand partnership opportunities, please fill out this form and a member of our team will be in touch.</p><p>Best,</p><p>The Team at HUME</p>","[""brand"",""partnership"",""inquiry""]",TRUE,2025-12-16 00:08:58.99931+00
e07f67ec-b581-4a3b-b3ea-80fef3741e1b,Events & Collabs,Event Inquiry,"<p>Hi X,</p><p>Thank you so much for reaching out. To learn more about event opportunities at our space, please fill out <a href=""https://hume.la/events"">this form</a> and a member of our team will be in touch.</p><p>Best,</p><p>The Team at HUME</p>","[""event"",""inquiry"",""form""]",TRUE,2025-12-16 00:08:58.99931+00
4b6ce713-321d-4e5f-a72e-67d3057d0d24,Member Inquiries,Holiday Closure - Refund Request,"<p>Hi X,</p><p>Thank you for reaching out and for being a valued member of HUME! Because this closure is for facility upgrades and improvements to enhance the member experience, membership billing will continue as usual. We are unable to issue refunds or prorated fees for this time. This is standard practice, as memberships provide ongoing access to the club—not a guarantee that the facility will be open every day of the year. This structure allows us to reinvest in the facility and complete necessary work safely and to the standard our members expect.</p><p>We schedule renovation windows as rarely as possible and specifically during the lowest-usage period of the year to limit disruption. The work being completed cannot happen safely while members are in the space, and these windows ensure the club can maintain its quality long-term.</p><p>These improvements are a result of the feedback and requests we have received from members, and we are excited to be investing heavily into creating a better, more functional space. We can't wait for you to experience the updates when we reopen on January 2nd!</p><p>If there's anything else we can answer or support you with, please let us know.</p><p>Best,</p><p>The Team at HUME</p>","[""holiday"",""closure"",""refund"",""prorate""]",TRUE,2025-12-16 00:06:39.765304+00
ccd2a2d9-7765-409d-9391-6125d8dbfea5,Member Inquiries,Massage Availability,"<p>Hi X,</p><p>Thank you for reaching out about booking a massage! You can view availability and book a session <a href=""https://app.arketa.co/humeprojects/privates/by-service/OKbSHlmC3G7H8PEjO90n/date?instructorId=any&locationId=ZpbZcKknSQeHKmmtYtes&roomId=any"">here</a>.</p><p>Please let us know if you have any questions.</p><p>Best,</p><p>The Team at HUME</p>","[""massage"",""booking"",""appointment"",""spa""]",TRUE,2025-12-18 01:25:19.15117+00
cdb233cb-0187-42f8-98d3-e9edc5606b7b,Member Inquiries,Member Feedback Response,"<p>Hi X,</p><p>Thank you so much for sharing this feedback! We will pass this along to management and will certainly keep it in mind going forward. As a thank you, please show this email to our cafe team to redeem one free coffee or matcha of your choice. Please let us know if you have any additional thoughts or questions! We love to hear from you.</p><p>Best,</p><p>The Team at HUME</p>","[""feedback"",""thank you"",""coffee"",""matcha""]",TRUE,2025-12-16 00:06:39.765304+00
7e821d7b-6df9-4bb6-accd-696b8b79ee5e,Member Inquiries,Member Sends Guests Without Being Present,"<p>Hi X,</p><p>Thank you for being a valued member of HUME. We hope you and your guests are enjoying the space! As a reminder, our policy requires that members be present in order to register their guests. Moving forward, please meet your guest at the Concierge desk so we can get them registered and signed in to use the facilities.</p><p>Please don't hesitate to reach out if you have any questions.</p><p>Best,</p><p>The Team at HUME</p>","[""guest"",""policy"",""reminder"",""present""]",TRUE,2025-12-16 00:06:39.765304+00
f65a7868-59ad-45e6-aada-ce88acbc9037,Member Inquiries,Membership Cancellation - Reason Provided,"<p>Hi X,</p><p>Thank you for letting us know. We will miss you at HUME! Confirming your membership has been canceled. You will continue to have access to the facilities through your current billing period ending on <mark>XX/XX</mark>.</p><p>Before you go, we would love to extend the offer of our recently launched non-resident membership for those who travel in and out of the area. The package is $1200 for 30 annual passes and includes full access to the facilities and the ability to pre-book classes and appointments. We also have a few temporary options, such as a one-week, two-week, and one-month membership. If any of these sound appealing, please let us know and we'd be happy to share more details.</p><p>We hope to serve you again in the future. Please note that any future memberships would be subject to current rates, initiation fees, and availability. If you have any additional questions, feel free to reach out!</p><p>Best,</p><p>The Team at HUME</p>","[""cancel"",""cancellation"",""confirmed"",""non-resident""]",TRUE,2025-12-16 00:05:58.383186+00
86df1291-8a65-4945-87c8-2d48561de92d,Member Inquiries,Pausing for Unusual Circumstances,"<p>Hi X,</p><p>Thank you for reaching out and for being a valued member of Hume. We are sorry to hear about your recent difficulties [or something personalized according to the situation. Ex: We wish you a speedy recovery for your upcoming surgery!]</p><p>While we typically charge a monthly fee for pausing, we can certainly make an exception given the circumstances. Our system requires that all pauses align with your billing cycle. As such, we have set your pause to begin on [DATE OF NEXT BILLING CYCLE]. Please let us know your estimated return date and we'll be happy to set your membership to reactivate at that time.</p><p>Best,</p><p>The Team at HUME</p>","[""pause"",""illness"",""injury"",""pregnancy"",""exception""]",TRUE,2025-12-16 00:05:58.383186+00
5c67466d-a53e-4461-ab4b-210a2c54d48b,Member Inquiries,Private Appointment Scheduling,"<p>Hi X,</p><p>Thank you for reaching out! You can view availability and book private appointments <a href=""https://app.arketa.co/humeprojects/privates/by-service"">here</a>.</p><p>For personal training availability, please check <a href=""https://docs.google.com/spreadsheets/d/1_xrQKcHF095-YBkPTLfd6m9MajdlGe3gfmFXarGmlHQ/edit?usp=sharing"">here</a>.</p><p>Please let us know if you have any questions.</p><p>Best,</p><p>The Team at HUME</p>","[""private"",""appointment"",""booking"",""training""]",TRUE,2025-12-18 01:25:35.429122+00
f639ec9a-2fc3-4771-8379-4352895e95bb,Member Inquiries,Swapping Class - 1st Time Request,"<p>Hi X,</p><p>Thank you for reaching out! We are able to facilitate the switch as a one-time courtesy. In the future, to switch classes, please first cancel the class you are currently signed up for through the app. Once cancelled, you will be able to sign in to a different class of your choice. Please let us know if you have any questions!</p><p>Best,</p><p>The Team at HUME</p>","[""class"",""swap"",""switch"",""courtesy""]",TRUE,2025-12-16 00:05:58.383186+00
f86fe968-3ed7-46f4-9d9a-35d613c0dbd9,Member Inquiries,Swapping Class - Repeated Request,"<p>Hi X,</p><p>Thank you for reaching out! To switch classes, please cancel the class you are currently signed up for through the app. Once cancelled, you will be able to sign in to a different class of your choice. If you have any questions or need assistance, please feel free to reach out.</p><p>Best,</p><p>The Team at HUME</p>","[""class"",""swap"",""switch"",""repeated""]",TRUE,2025-12-16 00:05:58.383186+00
fd7c8b4f-4e83-4cc1-8ba9-10a74d0819ef,Member Inquiries,Waitlist - Less Than 3 Hours Before Class,"<p>Hi X,</p><p>Thank you for reaching out! You're currently XX on the waitlist for the [class name & time]. While it's not uncommon for a spot to open up, we can't guarantee availability.</p><p>If a spot opens up, you will be notified by email. You must claim the spot in order to get off the waitlist so please keep an eye out in case one opens up. In the meantime, we'd be happy to recommend another class or assist with any other options. Just let us know!</p><p>We appreciate your understanding and look forward to seeing you soon.</p><p>Best,</p><p>The Team at HUME</p>","[""waitlist"",""class"",""claim"",""notify""]",TRUE,2025-12-16 00:06:39.765304+00
f3156247-cf63-4d31-adf8-243957f8ce66,Member Inquiries,Waitlist - More Than 3 Hours Before Class,"<p>Hi X,</p><p>Thank you for reaching out! You're currently XX on the waitlist for the [class name & time]. While it's not uncommon for a spot to open up, we can't guarantee availability.</p><p>If a spot opens up, you will be added to the class according to your waitlist position. In the meantime, we'd be happy to recommend another class or assist with any other options. Just let us know!</p><p>We appreciate your understanding and look forward to seeing you soon.</p><p>Best,</p><p>The Team at HUME</p>","[""waitlist"",""class"",""availability""]",TRUE,2025-12-16 00:06:39.765304+00
1a7dda8b-1ac4-4be8-95b3-ce3feb569389,Member Outreach,Guest Policy Reminder - Member Not Present,"<p>Hi X,</p><p>Thank you for being a valued member of HUME. We hope you and your guests are enjoying the space! As a reminder, our policy requires that members be present in order to register their guests. Moving forward, please meet your guest at the Concierge desk so we can get them registered and signed in to use the facilities.</p><p>Please don't hesitate to reach out if you have any questions.</p><p>Best,</p><p>The Team at HUME</p>","[""guest"",""reminder"",""present"",""policy""]",TRUE,2025-12-16 00:07:00.789462+00
c5bd5a78-d6b3-4270-85df-7562455eef9c,Member Outreach,HUME Error Apology,"<p>Hi X,</p><p>I hope this email finds you well. We wanted to extend our sincerest apologies for the issues you experienced during [detail around issue/scheduling mishap].</p><p>We understand how frustrating this must have been and apologize for the inconvenience it caused. As a token of our appreciation for your understanding and continued support, we have added [offering ex. Ballancer pro, HBOT session].</p><p>We hope this will help enhance your future experiences with us. Thank you for being a valued member of our community. If there is anything else we can do to make things right or if you have any questions, please do not hesitate to reach out.</p><p>Best,</p><p>The Team at HUME</p>","[""error"",""apology"",""compensation"",""issue""]",TRUE,2025-12-16 00:07:00.789462+00
a20e6d73-7593-49ae-b87d-58c414e08ff5,Member Outreach,New Member - Accepted But Haven't Visited,"<p>Hi X,</p><p>We look forward to having you as part of the HUME community!</p><p>You should have received your official Welcome to HUME email, signifying your membership has been processed and approved and your initiation fee has been charged. Please download the HUME Members app and stop by the front desk to activate your membership, receive your onboarding packet, and to meet the team.</p><p>Please don't hesitate to reach out with any questions. We hope to see you soon!</p><p>Best,</p><p>The Team at HUME</p>","[""new member"",""welcome"",""activation"",""app""]",TRUE,2025-12-16 00:07:00.789462+00
87cb0cbe-a982-4651-913b-39beb5b940b3,Member Outreach,Payment Not Processing,"<p>Hi X,</p><p>Thank you for being a valued member of HUME. We are reaching out because our system is unable to process payments on your card ending in XXXX. Please log into your HUME app and update the credit card on file by navigating to your account and selecting ""Payment Methods.""</p><p>You can also stop by the Concierge desk the next time you come in so we can assist you. Please let us know if you have any questions and we look forward to seeing you soon!</p><p>Best,</p><p>The Team at HUME</p>","[""payment"",""card"",""declined"",""expired""]",TRUE,2025-12-16 00:07:00.789462+00
c804b4c4-df43-4ebe-abd4-4010f54d8df2,Member Outreach,Short Notice Class Cancellation,"<p>Hi X,</p><p>I hope this email finds you well. Due to a last minute emergency, the [class name and time] you are scheduled for is canceled.</p><p>Please let us know if there is another class you would like to be added to today instead. We sincerely apologize for any inconvenience this may cause.</p><p>We look forward to seeing you in the space soon.</p><p>Best,</p><p>The Team at HUME</p>","[""class"",""cancelled"",""emergency"",""apology""]",TRUE,2025-12-16 00:07:00.789462+00
2807bac9-5c3c-4ef5-bca6-790a8125e36d,Non-Member Inquiries,Pricing Request,"<p>Hi X,</p><p>Thank you for your interest in HUME and our offerings. Our membership rate is $450 per month with a one-time $500 initiation fee as well as a six-month commitment. We also offer an annual option for $4,595, paid in full upon membership acceptance, which includes twelve months of access to the facilities and waives the initiation fee.</p><p>If you're not looking to commit to a membership at this time, we also offer a few alternative pricing options:</p><p>- If you're interested in becoming a member, complete the first step of your application <a href=""https://hume.la/apply"">here</a>.<br>- If you'd rather apply for a temporary membership, please complete the application <a href=""https://hume.la/tempmembership"">here</a>.</p><p>Thank you and please don't hesitate to reach out if you have any questions.</p><p>Best,</p><p>The Team at HUME</p>","[""pricing"",""temporary"",""application""]",TRUE,2025-12-16 00:07:34.773149+00
fdf5a7ff-ae32-452b-9ac2-8d716acf3211,Non-Member Inquiries,Day Pass Inquiry,"<p>Hi X,</p><p>Thank you for reaching out! We do have limited day passes available for purchase for $100. Please note these passes require a member referral and an application to ensure privacy of the space. If you would like to continue, please fill out <a href=""https://hume.la/daypass"">this form</a> and someone from our team will be in touch.</p><p>Best,</p><p>The Team at HUME</p>","[""day pass"",""referral"",""application""]",TRUE,2025-12-16 00:08:04.429289+00
3aaa797c-ecf0-4d0d-8425-108459ba75f5,Non-Member Inquiries,Day Pass Purchase Confirmation,"<p>Hi X,</p><p>Thank you for your interest! We do have availability on your requested date of XX. To confirm your day pass, complete your purchase <a href=""https://hume.la/daypass"">here</a>.</p><p>Please stop by the front desk when you arrive to receive our policies card and a quick tour of the facilities. We hope you enjoy your visit and look forward to seeing you soon!</p><p>Best,</p><p>The Team at HUME</p>","[""day pass"",""purchase"",""confirmation""]",TRUE,2025-12-16 00:08:04.429289+00
a882594e-8ae4-4079-bf20-1e77e01d980e,Non-Member Inquiries,General Membership Info - Short,"<p>Hi X,</p><p>Thank you for your interest in HUME! Our membership fee is $450 monthly with a one-time initiation fee of $500. You can check out our class schedule here as well.</p><p>If interested in membership, please complete your application <a href=""https://hume.la/apply"">here</a>. We look forward to hearing from you soon!</p><p>Best,</p><p>The Team at HUME</p>","[""membership"",""pricing"",""application"",""short""]",TRUE,2025-12-16 00:07:34.773149+00
8ad445ae-7b8a-4698-8bcf-0cfe7281d9eb,Non-Member Inquiries,General Membership Info - With Annual Option,"<p>Hi X,</p><p>Thank you for your interest in HUME and our offerings. Our membership rate is $450 per month with a one-time $500 initiation fee as well as a six-month commitment.</p><p>We also offer an annual option for $4,595, paid in full upon membership acceptance, which includes twelve months of access to the facilities and waives the initiation fee.</p><p>Members get full access to all the facility offers:</p><p>- Gym<br>- Cafe/lounge<br>- Spa - access to sauna, steam room and cold plunges<br>- Group fitness - you can view the class schedule here<br>- Private fitness and recovery treatments at an additional cost</p><p>If you'd like a tour, we would be happy to show you around our facilities. To schedule a tour, please <a href=""https://calendly.com/humela/tour/?month=2025-06"">click here</a>.</p><p>And finally, if interested in membership, please complete your application <a href=""https://hume.la/apply"">here</a>. We look forward to hearing from you soon!</p><p>Best,</p><p>The Team at HUME</p>","[""membership"",""pricing"",""annual"",""tour""]",TRUE,2025-12-16 00:07:34.773149+00
5b065b1f-4054-4eed-8c0c-94ccee2ecb75,Non-Member Inquiries,Gift Card Purchase,"<p>Hi X,</p><p>Thank you for your interest in purchasing a HUME gift card! You can purchase a gift card <a href=""https://app.arketa.co/humeprojects/gifting"">here</a>.</p><p>Please let us know if you have any questions.</p><p>Best,</p><p>The Team at HUME</p>","[""gift"",""gift card"",""purchase""]",TRUE,2025-12-18 01:25:09.269798+00
a20a435f-1d6c-4e77-a484-e9ee87016011,Non-Member Inquiries,Incomplete Application,"<p>Hi X,</p><p>Thank you for your interest in joining HUME!</p><p>We successfully received your questionnaire but your application is incomplete. To complete the application and secure the current membership rate, please upload your payment information for our monthly rate <a href=""https://app.arketa.co/humeprojects/pricing/checkout/TF7S5VWOvSYPPoh20BfL"">here</a> and our annual rate <a href=""https://app.arketa.co/humeprojects/pricing/checkout/lyykBfqD7ByVZqxSJIjZ"">here</a>. If approved, your membership will be activated and all fees charged upon reception of a ""Welcome to HUME"" email.</p><p>Please let us know if you have any additional questions.</p><p>Best,</p><p>The Team at HUME</p>","[""application"",""incomplete"",""payment""]",TRUE,2025-12-16 00:08:14.900759+00
95d356c4-8850-42e3-b99e-4a5812732bcc,Non-Member Inquiries,Month Pass Purchase,"<p>Hi X,</p><p>Thank you for your interest in purchasing a month pass! We do have availability for your requested dates of XX-XX. To proceed with purchasing, provide payment information <a href=""https://app.arketa.co/humeprojects/pricing/checkout/n94aKHh6oDotnhR5pLjv"">here</a>.</p><p>Be sure to download our HUME Members app before your first visit and stop by the front desk for a quick tour and onboarding.</p><p><strong>A quick note on our policies:</strong><br>If interested in classes, please note that our classes begin promptly on time. We recommend arriving at least 15-20 minutes early. We also highly value the privacy of our members and thus have a strict policy on photos and videos.</p><p>Please let us know if you have any additional questions and we look forward to seeing you soon!</p><p>Best,</p><p>The Team at HUME</p>","[""month pass"",""temporary"",""purchase""]",TRUE,2025-12-16 00:08:04.429289+00
47ef08d7-122f-47d8-a9a0-3aa9810038f6,Non-Member Inquiries,Day Pass + Class Purchase,"<p>Hi X,</p><p>Thank you for your interest in purchasing a day pass! We do have availability for your requested date of XX. To confirm your day pass, complete your purchase <a target=""_blank"" rel=""noopener noreferrer nofollow"" class=""text-primary underline cursor-pointer"" href=""https://hume.la/daypass"">here</a>. The password for access is HUME2026.</p><p>To view our class schedule, please click here and navigate to the date of your visit. Please let us know if you would like to sign up for a class and we will add you as long as there is capacity.</p><p><strong>A quick note on our policies:</strong><br>Please note that our classes begin promptly on time. We recommend arriving at least 15-20 minutes early so you have time to stop at the front desk to sign our waiver and receive a tour.</p><p>We also highly value the privacy of our members and thus have a strict policy on photos and videos. No photos or videos taken in the space (particularly in the spa) may feature any guests or members without their explicit consent—this includes members who may be accidentally featured in the background. We discourage filming, and tripods or other filming accessories are not permitted.</p><p>Please let us know if you have any additional questions. We look forward to seeing you soon!</p><p>Best,</p><p>The Team at HUME</p>","[""day pass"",""class"",""policy"",""purchase""]",TRUE,2025-12-16 00:08:04.429289+00
3b29dd08-4306-48c1-b16f-a3b1a231b8d9,Non-Member Inquiries,Private Treatment for Non-Members,"<p>Hi X,</p><p>Thank you for showing interest in HUME. We would be happy to help you book a [treatment/session name].</p><p>Please let us know the date you are interested in booking your treatment and we will let you know our availability. Please follow <a href=""https://app.arketa.co/humeprojects/pricing/checkout/cQahytIcDz2JJcsKs33B"">this link</a> to finalize your purchase.</p><p>Booking one of our treatment services also includes access to our facilities for the day which includes:</p><p>- Gym<br>- Cafe & outdoor lounge<br>- Spa - access to sauna, steam room and cold plunges<br>- Group fitness - you can view the class schedule here. Must be booked in advance based on class availability<br>- Recovery lounge with complimentary use of Hyperice Normatec recovery boots and Hypervolt percussion massage devices</p><p>Let us know if you have any additional questions and we look forward to welcoming you to the space soon!</p><p>Best,</p><p>The Team at HUME</p>","[""treatment"",""private"",""day pass"",""booking""]",TRUE,2025-12-16 00:07:34.773149+00
57589d30-49e6-4579-a1b9-e78b1979362f,Non-Member Inquiries,Temporary Pass - What's Included,"<p>Hi X,</p><p>Thank you for your interest in coming to HUME. Your temporary membership pass would include access to the following:</p><p>- Gym facilities<br>- Group classes - Click here for the schedule<br>- Access to the spa (Steam room, Dry sauna, Cold plunges, Showers & amenities)<br>- Recovery lounge with complimentary use of Hyperice Normatec recovery boots and Hypervolt percussion massage devices<br>- Premium Recovery Services ($100 additional cost): Ballancer Pro Lymphatic Recovery Suit, Hyperbaric Oxygen Therapy<br>- Private Treatments ($175): Physical Therapy, Deep Reset Massage, Acupuncture, Reiki, Private Movement Experiences, Nutrition Coaching<br>- Access to the members only HUME cafe & outdoor lounge (Open weekdays 7:30am to 2:30pm & weekends 8:30am to 3:30pm)</p><p>Please let us know if you are interested in signing up for a class or learning more about availability of our private services. We look forward to seeing you in the space soon!</p><p>Best,</p><p>The Team at HUME</p>","[""temporary"",""included"",""amenities"",""recovery""]",TRUE,2025-12-16 00:08:04.429289+00
3346a6cc-a3f1-4b34-b1b5-260746ac0d6a,Non-Member Inquiries,Temporary Pass Pricing,"<p>Hi X,</p><p>Thank you for reaching out! We do have limited temporary passes available for purchase. Please note these passes require a member referral and an application to ensure privacy of the space. See below for pricing options:</p><p>- Day pass: $100<br>- Week Pass: $250<br>- 2 Week Pass: $395<br>- 1 Month Pass: $595</p><p>If you are interested, please fill out <a href=""https://hume.la/tempmembership"">this form</a> and someone from our team will be in touch.</p><p>Best,</p><p>The Team at HUME</p>","[""temporary"",""pricing"",""day pass"",""week pass""]",TRUE,2025-12-16 00:08:04.429289+00
3e264653-5ee2-46e0-9046-3c1674240e27,Non-Member Inquiries,Two Week Pass Purchase,"<p>Hi X,</p><p>Thank you for your interest in purchasing a 2-week pass! We do have availability for your requested date of XX-XX. To proceed with purchasing, provide payment information <a href=""https://app.arketa.co/humeprojects/pricing/checkout/4nV9AtDrEPJgnhj2T23v"">here</a>.</p><p>Be sure to download our HUME Members app before your first visit and stop by the front desk for a quick tour and onboarding.</p><p><strong>A quick note on our policies:</strong><br>If interested in classes, please note that our classes begin promptly on time. We recommend arriving at least 15-20 minutes early. We also highly value the privacy of our members and thus have a strict policy on photos and videos.</p><p>Please let us know if you have any additional questions and we look forward to seeing you soon!</p><p>Best,</p><p>The Team at HUME</p>","[""two week"",""temporary"",""purchase""]",TRUE,2025-12-16 00:08:04.429289+00
fbbcd792-3938-4271-a35c-58c49363af5d,Non-Member Inquiries,Valet Information,"<p>Hi X,</p><p>We have valet parking available on weekdays from 6am to 2pm and 5pm to 9pm, while weekend hours vary. Pricing is $5.50 for 2 hours with market pricing thereafter, which will be posted.</p><p>When valet is not available, there is on-site parking attached to the building on a first come first serve basis.</p><p>Additionally, there is typically street parking available on the surrounding streets.</p><p>Best,</p><p>The Team at HUME</p>","[""valet"",""parking"",""hours""]",TRUE,2025-12-16 00:07:34.773149+00
5dc2ae80-d346-4e54-bbeb-e19e4f5455c5,Non-Member Inquiries,Week Pass Purchase,"<p>Hi X,</p><p>Thank you for your interest in purchasing a week pass! We do have availability for your requested date of XX-XX. To proceed with purchasing, provide payment information <a href=""https://app.arketa.co/humeprojects/pricing/checkout/PuixJmIY8UZUOfPuc1RZ"">here</a>.</p><p>Be sure to download our HUME Members app before your first visit and stop by the front desk for a quick tour and onboarding.</p><p><strong>A quick note on our policies:</strong><br>If interested in classes, please note that our classes begin promptly on time. We recommend arriving at least 15-20 minutes early. We also highly value the privacy of our members and thus have a strict policy on photos and videos.</p><p>Please let us know if you have any additional questions and we look forward to seeing you soon!</p><p>Best,</p><p>The Team at HUME</p>","[""week pass"",""temporary"",""purchase""]",TRUE,2025-12-16 00:08:04.429289+00